{
	"run": [
		{
			"filePath": "/RouteConfigConnect/webapp/index.html",
			"previewMode": 1,
			"dataMode": 1,
			"workspace": "withoutWorkspace",
			"urlParameters": [
				{
					"paramName": "",
					"paramValue": "",
					"paramActive": false
				},
				{
					"paramName": "",
					"paramValue": "",
					"paramActive": false
				}
			],
            "hashParameter": "",
			"ui5ActiveVersion": "snapshot",
			"ui5VerSource": null,
			"isDefaultVersion": 1,
			"_metadata": {
				"id": "3031893",
				"runnerId": "webapprunner",
				"displayName": "App"
			}
		},
		{
			"filePath": "/RouteConfigConnect/webapp/test/mockServer.html",
			"previewMode": 1,
			"dataMode": 1,
			"workspace": "withoutWorkspace",
			"urlParameters": [
				{
					"paramName": "",
					"paramValue": "",
					"paramActive": false
				},
				{
					"paramName": "",
					"paramValue": "",
					"paramActive": false
				}
			],
			"hashParameter": "",
			"ui5ActiveVersion": "snapshot",
			"ui5VerSource": null,
			"isDefaultVersion": 1,
			"_metadata": {
				"id": "6061429",
				"runnerId": "webapprunner",
				"displayName": "App (Mock Server)"
			}
		},
		{
			"filePath": "/RouteConfigConnect/webapp/test/unit/unitTests.qunit.html",
			"previewMode": 1,
			"dataMode": 1,
			"workspace": "withoutWorkspace",
			"ui5ActiveVersion": "snapshot",
			"ui5VerSource": null,
			"isDefaultVersion": 1,
			"urlParameters": [
				{
					"paramName": "",
					"paramValue": "",
					"paramActive": false
				},
				{
					"paramName": "",
					"paramValue": "",
					"paramActive": false
				}
			],
			"_metadata": {
				"id": "4044275",
				"runnerId": "webapprunner",
				"displayName": "Unit Tests"
			}
		},
		{
			"filePath": "/RouteConfigConnect/webapp/test/integration/opaTests.qunit.html",
			"previewMode": 1,
			"dataMode": 1,
			"workspace": "withoutWorkspace",
			"ui5ActiveVersion": "snapshot",
			"ui5VerSource": null,
			"isDefaultVersion": 1,
			"urlParameters": [
				{
					"paramName": "",
					"paramValue": "",
					"paramActive": false
				},
				{
					"paramName": "",
					"paramValue": "",
					"paramActive": false
				}
			],
			"hashParameter": "",
			"_metadata": {
				"id": "8977643",
				"runnerId": "webapprunner",
				"displayName": "OPA Tests"
			}
		},
		{
			"filePath": "/RouteConfigConnect/webapp/test/testsuite.qunit.html",
			"previewMode": 1,
			"dataMode": 1,
			"workspace": "withoutWorkspace",
			"ui5ActiveVersion": "snapshot",
			"ui5VerSource": null,
			"isDefaultVersion": 1,
			"urlParameters": [
				{
					"paramName": "",
					"paramValue": "",
					"paramActive": false
				},
				{
					"paramName": "",
					"paramValue": "",
					"paramActive": false
				}
			],
			"hashParameter": "",
			"_metadata": {
				"id": "4733197",
				"runnerId": "webapprunner",
				"displayName": "Test Suite (Unit, OPA)"
			}
		}
	]
}