<edmx:Edmx xmlns:edmx="http://schemas.microsoft.com/ado/2007/06/edmx"
	xmlns:m="http://schemas.microsoft.com/ado/2007/08/dataservices/metadata" xmlns:sap="http://www.sap.com/Protocols/SAPData" Version="1.0">
	<edmx:DataServices m:DataServiceVersion="2.0">
		<Schema xmlns="http://schemas.microsoft.com/ado/2008/09/edm" Namespace="ZNEPTUNE_DEMO_SRV" xml:lang="en" sap:schema-version="1">
			<EntityType Name="Master_box" sap:content-version="1">
				<Key><PropertyRef Name="Box"/></Key><Property Name="Box" Type="Edm.String" Nullable="false" MaxLength="2" sap:unicode="false" sap:label="Box Type" sap:creatable="false"
					sap:updatable="false" sap:sortable="false" sap:filterable="false"/><Property Name="Description" Type="Edm.String" Nullable="false" sap:unicode="false" sap:label="DESCRIPTION" sap:creatable="false"
					sap:updatable="false" sap:sortable="false" sap:filterable="false"/><Property Name="Updatedon" Type="Edm.DateTime" Nullable="false" Precision="7" sap:unicode="false" sap:label="UPDATEDON"
					sap:creatable="false" sap:updatable="false" sap:sortable="false" sap:filterable="false"/></EntityType>
			<EntityType Name="Master_ProductionLine" sap:content-version="1">
				<Key><PropertyRef Name="Line"/></Key><Property Name="Line" Type="Edm.String" Nullable="false" MaxLength="15" sap:unicode="false" sap:label="Line Name" sap:creatable="false"
					sap:updatable="false" sap:sortable="false" sap:filterable="false"/><Property Name="Linetext" Type="Edm.String" Nullable="false" sap:unicode="false" sap:label="LINETEXT" sap:creatable="false"
					sap:updatable="false" sap:sortable="false" sap:filterable="false"/><Property Name="Updatedon" Type="Edm.DateTime" Nullable="false" Precision="7" sap:unicode="false" sap:label="UPDATEDON"
					sap:creatable="false" sap:updatable="false" sap:sortable="false" sap:filterable="false"/></EntityType>
			<EntityType Name="Material_Group" sap:content-version="1">
				<Key><PropertyRef Name="Modelgrp"/></Key><Property Name="Modelgrp" Type="Edm.String" Nullable="false" MaxLength="4" sap:unicode="false" sap:label="GROUP NAME" sap:creatable="false"
					sap:updatable="false" sap:sortable="false" sap:filterable="false"/><Property Name="Description" Type="Edm.String" Nullable="false" sap:unicode="false" sap:label="DESCRIPTION" sap:creatable="false"
					sap:updatable="false" sap:sortable="false" sap:filterable="false"/><Property Name="Updatedon" Type="Edm.DateTime" Nullable="false" Precision="7" sap:unicode="false" sap:label="UPDATEDON"
					sap:creatable="false" sap:updatable="false" sap:sortable="false" sap:filterable="false"/></EntityType>
			<EntityType Name="Routing_operation_time" sap:content-version="1">
				<Key><PropertyRef Name="Id"/></Key><Property Name="Id" Type="Edm.Int16" Nullable="false" sap:unicode="false" sap:label="ID" sap:creatable="false" sap:updatable="false"
					sap:sortable="false" sap:filterable="false"/><Property Name="Modelno" Type="Edm.String" Nullable="false" MaxLength="8" sap:unicode="false" sap:label="Model Number" sap:creatable="false"
					sap:updatable="false" sap:sortable="false" sap:filterable="false"/><Property Name="Time" Type="Edm.String" Nullable="false" MaxLength="10" sap:unicode="false" sap:label="Option Time in minutes"
					sap:creatable="false" sap:updatable="false" sap:sortable="false" sap:filterable="false"/><Property Name="Modelgrp" Type="Edm.String" Nullable="false" MaxLength="4" sap:unicode="false" sap:label="GROUP NAME" sap:creatable="false"
					sap:updatable="false" sap:sortable="false" sap:filterable="false"/><Property Name="Operationid" Type="Edm.String" Nullable="false" MaxLength="4" sap:unicode="false" sap:label="DE: Operation id"
					sap:creatable="false" sap:updatable="false" sap:sortable="false" sap:filterable="false"/></EntityType>
			<EntityType Name="tmp_operation_time" sap:content-version="1">
				<Key><PropertyRef Name="Id"/></Key><Property Name="Id" Type="Edm.Int16" Nullable="false" sap:unicode="false" sap:label="ID" sap:creatable="false" sap:updatable="false"
					sap:sortable="false" sap:filterable="false"/><Property Name="Templatename" Type="Edm.String" Nullable="false" MaxLength="8" sap:unicode="false" sap:label="TEMPLATE NAME"
					sap:creatable="false" sap:updatable="false" sap:sortable="false" sap:filterable="false"/><Property Name="Operationid" Type="Edm.String" Nullable="false" MaxLength="4" sap:unicode="false" sap:label="DE: Operation id"
					sap:creatable="false" sap:updatable="false" sap:sortable="false" sap:filterable="false"/><Property Name="Time" Type="Edm.String" Nullable="false" MaxLength="5" sap:unicode="false" sap:label="TIME" sap:creatable="false"
					sap:updatable="false" sap:sortable="false" sap:filterable="false"/></EntityType>
			<EntityType Name="routing_operationtime" sap:content-version="1">
				<Key><PropertyRef Name="Operationid"/></Key><Property Name="Operationid" Type="Edm.String" Nullable="false" MaxLength="4" sap:unicode="false" sap:label="DE: Operation id"
					sap:creatable="false" sap:updatable="false" sap:sortable="false" sap:filterable="false"/><Property Name="Operationtxt" Type="Edm.String" Nullable="false" sap:unicode="false" sap:label="OPERATIONTXT" sap:creatable="false"
					sap:updatable="false" sap:sortable="false" sap:filterable="false"/><Property Name="Modelgrp" Type="Edm.String" Nullable="false" MaxLength="4" sap:unicode="false" sap:label="GROUP NAME" sap:creatable="false"
					sap:updatable="false" sap:sortable="false" sap:filterable="false"/><Property Name="Updatedon" Type="Edm.DateTime" Nullable="false" Precision="7" sap:unicode="false" sap:label="UPDATEDON"
					sap:creatable="false" sap:updatable="false" sap:sortable="false" sap:filterable="false"/></EntityType>
			<EntityType Name="RouteList" sap:content-version="1">
				<Key><PropertyRef Name="Modelno"/></Key><Property Name="Modelno" Type="Edm.String" Nullable="false" MaxLength="8" sap:unicode="false" sap:label="Model Number" sap:creatable="false"
					sap:updatable="false" sap:sortable="false" sap:filterable="false"/><Property Name="Modelgrp" Type="Edm.String" Nullable="false" MaxLength="4" sap:unicode="false" sap:label="GROUP NAME" sap:creatable="false"
					sap:updatable="false" sap:sortable="false" sap:filterable="false"/><Property Name="Line" Type="Edm.String" Nullable="false" MaxLength="15" sap:unicode="false" sap:label="Line Name" sap:creatable="false"
					sap:updatable="false" sap:sortable="false" sap:filterable="false"/><Property Name="Box" Type="Edm.String" Nullable="false" MaxLength="2" sap:unicode="false" sap:label="Box Type" sap:creatable="false"
					sap:updatable="false" sap:sortable="false" sap:filterable="false"/><Property Name="Linetext" Type="Edm.String" Nullable="false" sap:unicode="false" sap:label="LINETEXT" sap:creatable="false"
					sap:updatable="false" sap:sortable="false" sap:filterable="false"/><NavigationProperty Name="ToOperationTimes" Relationship="ZNEPTUNE_DEMO_SRV.ToOperationTimes" FromRole="FromRole_ToOperationTimes"
					ToRole="ToRole_ToOperationTimes"/></EntityType>
			<EntityType Name="to_operation_times" sap:content-version="1">
				<Key><PropertyRef Name="Modelno"/></Key><Property Name="Modelno" Type="Edm.String" Nullable="false" MaxLength="8" sap:unicode="false" sap:label="Model Number" sap:creatable="false"
					sap:updatable="false" sap:sortable="false" sap:filterable="false"/><Property Name="Time" Type="Edm.String" Nullable="false" MaxLength="10" sap:unicode="false" sap:label="TIME" sap:creatable="false"
					sap:updatable="false" sap:sortable="false" sap:filterable="false"/><Property Name="Operationid" Type="Edm.String" Nullable="false" MaxLength="4" sap:unicode="false" sap:label="DE: Operation id"
					sap:creatable="false" sap:updatable="false" sap:sortable="false" sap:filterable="false"/><Property Name="Operationtxt" Type="Edm.String" Nullable="false" sap:unicode="false" sap:label="OPERATIONTXT" sap:creatable="false"
					sap:updatable="false" sap:sortable="false" sap:filterable="false"/></EntityType>
			<EntityType Name="ModelTemplate" sap:content-version="1">
				<Key><PropertyRef Name="Templatename"/></Key><Property Name="Templatename" Type="Edm.String" Nullable="false" MaxLength="8" sap:unicode="false" sap:label="TEMPLATE NAME"
					sap:creatable="false" sap:updatable="false" sap:sortable="false" sap:filterable="false"/><Property Name="Line" Type="Edm.String" Nullable="false" MaxLength="15" sap:unicode="false" sap:label="Line Name" sap:creatable="false"
					sap:updatable="false" sap:sortable="false" sap:filterable="false"/><Property Name="Linetext" Type="Edm.String" Nullable="false" sap:unicode="false" sap:label="LINETEXT" sap:creatable="false"
					sap:updatable="false" sap:sortable="false" sap:filterable="false"/><Property Name="Box" Type="Edm.String" Nullable="false" MaxLength="2" sap:unicode="false" sap:label="Box Type" sap:creatable="false"
					sap:updatable="false" sap:sortable="false" sap:filterable="false"/><NavigationProperty Name="ToModelOperationTimes" Relationship="ZNEPTUNE_DEMO_SRV.ToModelOperationTimes"
					FromRole="FromRole_ToModelOperationTimes" ToRole="ToRole_ToModelOperationTimes"/></EntityType>
			<EntityType Name="TempModlOpTimes" sap:content-version="1">
				<Key><PropertyRef Name="Templatename"/></Key><Property Name="Templatename" Type="Edm.String" Nullable="false" MaxLength="8" sap:unicode="false" sap:label="TEMPLATE NAME"
					sap:creatable="false" sap:updatable="false" sap:sortable="false" sap:filterable="false"/><Property Name="Operationid" Type="Edm.String" Nullable="false" MaxLength="4" sap:unicode="false" sap:label="DE: Operation id"
					sap:creatable="false" sap:updatable="false" sap:sortable="false" sap:filterable="false"/><Property Name="Operationtxt" Type="Edm.String" Nullable="false" sap:unicode="false" sap:label="OPERATIONTXT" sap:creatable="false"
					sap:updatable="false" sap:sortable="false" sap:filterable="false"/><Property Name="Time" Type="Edm.String" Nullable="false" MaxLength="5" sap:unicode="false" sap:label="TIME" sap:creatable="false"
					sap:updatable="false" sap:sortable="false" sap:filterable="false"/></EntityType>
			<EntityType Name="OptionAdderTime" sap:content-version="1">
				<Key><PropertyRef Name="Modelgrp"/></Key><Property Name="Modelgrp" Type="Edm.String" Nullable="false" MaxLength="4" sap:unicode="false" sap:label="GROUP NAME" sap:creatable="false"
					sap:updatable="false" sap:sortable="false" sap:filterable="false"/><Property Name="Pts" Type="Edm.String" Nullable="false" MaxLength="2" sap:unicode="false" sap:label="POWER, CONTROL, COMMUNICATIONS"
					sap:creatable="false" sap:updatable="false" sap:sortable="false" sap:filterable="false"/><Property Name="Mgrdesc" Type="Edm.String" Nullable="false" sap:unicode="false" sap:label="MGRDESC" sap:creatable="false"
					sap:updatable="false" sap:sortable="false" sap:filterable="false"/><Property Name="Optioncode" Type="Edm.String" Nullable="false" MaxLength="2" sap:unicode="false" sap:label="Option Adder Code"
					sap:creatable="false" sap:updatable="false" sap:sortable="false" sap:filterable="false"/><Property Name="Optdesc" Type="Edm.String" Nullable="false" sap:unicode="false" sap:label="OPTDESC" sap:creatable="false"
					sap:updatable="false" sap:sortable="false" sap:filterable="false"/><Property Name="Box" Type="Edm.String" Nullable="false" MaxLength="2" sap:unicode="false" sap:label="Box Type" sap:creatable="false"
					sap:updatable="false" sap:sortable="false" sap:filterable="false"/><Property Name="Time" Type="Edm.String" Nullable="false" MaxLength="5" sap:unicode="false" sap:label="TIME" sap:creatable="false"
					sap:updatable="false" sap:sortable="false" sap:filterable="false"/><Property Name="Updatedon" Type="Edm.DateTime" Nullable="false" Precision="7" sap:unicode="false" sap:label="UPDATEDON"
					sap:creatable="false" sap:updatable="false" sap:sortable="false" sap:filterable="false"/></EntityType>
			<EntityType Name="AvailableOperations" sap:content-version="1">
				<Key><PropertyRef Name="Optioncode"/></Key><Property Name="Optioncode" Type="Edm.String" Nullable="false" MaxLength="2" sap:unicode="false" sap:label="Option Adder Code"
					sap:creatable="false" sap:updatable="false" sap:sortable="false" sap:filterable="false"/><Property Name="Description" Type="Edm.String" Nullable="false" sap:unicode="false" sap:label="DESCRIPTION" sap:creatable="false"
					sap:updatable="false" sap:sortable="false" sap:filterable="false"/><Property Name="Pts" Type="Edm.String" Nullable="false" MaxLength="1" sap:unicode="false" sap:label="POWER, CONTROL, COMMUNICATIONS"
					sap:creatable="false" sap:updatable="false" sap:sortable="false" sap:filterable="false"/><Property Name="OptGrpno" Type="Edm.String" Nullable="false" MaxLength="2" sap:unicode="false" sap:label="OPT_GRPNO" sap:creatable="false"
					sap:updatable="false" sap:sortable="false" sap:filterable="false"/><Property Name="OptGrptyp" Type="Edm.String" Nullable="false" MaxLength="1" sap:unicode="false" sap:label="OPT_GRPTYP" sap:creatable="false"
					sap:updatable="false" sap:sortable="false" sap:filterable="false"/><Property Name="Updatedon" Type="Edm.DateTime" Nullable="false" Precision="7" sap:unicode="false" sap:label="UPDATEDON"
					sap:creatable="false" sap:updatable="false" sap:sortable="false" sap:filterable="false"/></EntityType>
			<Association Name="ToOperationTimes" sap:content-version="1"><End Type="ZNEPTUNE_DEMO_SRV.RouteList" Multiplicity="1" Role="FromRole_ToOperationTimes"/><End Type="ZNEPTUNE_DEMO_SRV.to_operation_times" Multiplicity="*" Role="ToRole_ToOperationTimes"/>
				<ReferentialConstraint>
					<Principal Role="FromRole_ToOperationTimes"><PropertyRef Name="Modelno"/></Principal>
					<Dependent Role="ToRole_ToOperationTimes"><PropertyRef Name="Modelno"/></Dependent>
				</ReferentialConstraint>
			</Association>
			<Association Name="ToModelOperationTimes" sap:content-version="1"><End Type="ZNEPTUNE_DEMO_SRV.ModelTemplate" Multiplicity="1" Role="FromRole_ToModelOperationTimes"/><End Type="ZNEPTUNE_DEMO_SRV.TempModlOpTimes" Multiplicity="*" Role="ToRole_ToModelOperationTimes"/>
				<ReferentialConstraint>
					<Principal Role="FromRole_ToModelOperationTimes"><PropertyRef Name="Templatename"/></Principal>
					<Dependent Role="ToRole_ToModelOperationTimes"><PropertyRef Name="Templatename"/></Dependent>
				</ReferentialConstraint>
			</Association>
			<EntityContainer Name="ZNEPTUNE_DEMO_SRV_Entities" m:IsDefaultEntityContainer="true" sap:supported-formats="atom json xlsx"><EntitySet Name="Master_ProductionLineSet" EntityType="ZNEPTUNE_DEMO_SRV.Master_ProductionLine" sap:creatable="false" sap:updatable="false"
				sap:deletable="false" sap:pageable="false" sap:content-version="1"/><EntitySet Name="Material_GroupSet" EntityType="ZNEPTUNE_DEMO_SRV.Material_Group" sap:creatable="false" sap:updatable="false"
				sap:deletable="false" sap:pageable="false" sap:content-version="1"/><EntitySet Name="Routing_operation_timeSet" EntityType="ZNEPTUNE_DEMO_SRV.Routing_operation_time" sap:creatable="false"
				sap:updatable="false" sap:deletable="false" sap:pageable="false" sap:content-version="1"/><EntitySet Name="tmp_operation_timeSet" EntityType="ZNEPTUNE_DEMO_SRV.tmp_operation_time" sap:creatable="false" sap:updatable="false"
				sap:deletable="false" sap:pageable="false" sap:content-version="1"/><EntitySet Name="routing_operationtimeSet" EntityType="ZNEPTUNE_DEMO_SRV.routing_operationtime" sap:creatable="false" sap:updatable="false"
				sap:deletable="false" sap:pageable="false" sap:content-version="1"/><EntitySet Name="RouteListSet" EntityType="ZNEPTUNE_DEMO_SRV.RouteList" sap:creatable="false" sap:updatable="false" sap:deletable="false"
				sap:pageable="false" sap:content-version="1"/><EntitySet Name="to_operation_timesSet" EntityType="ZNEPTUNE_DEMO_SRV.to_operation_times" sap:creatable="false" sap:updatable="false"
				sap:deletable="false" sap:pageable="false" sap:content-version="1"/><EntitySet Name="ModelTemplateSet" EntityType="ZNEPTUNE_DEMO_SRV.ModelTemplate" sap:creatable="false" sap:updatable="false"
				sap:deletable="false" sap:pageable="false" sap:content-version="1"/><EntitySet Name="TempModlOpTimesSet" EntityType="ZNEPTUNE_DEMO_SRV.TempModlOpTimes" sap:creatable="false" sap:updatable="false"
				sap:deletable="false" sap:pageable="false" sap:content-version="1"/><EntitySet Name="OptionAdderTimeSet" EntityType="ZNEPTUNE_DEMO_SRV.OptionAdderTime" sap:creatable="false" sap:updatable="false"
				sap:deletable="false" sap:pageable="false" sap:content-version="1"/><EntitySet Name="AvailableOperationsSet" EntityType="ZNEPTUNE_DEMO_SRV.AvailableOperations" sap:creatable="false" sap:updatable="false"
				sap:deletable="false" sap:pageable="false" sap:content-version="1"/><EntitySet Name="Master_boxSet" EntityType="ZNEPTUNE_DEMO_SRV.Master_box" sap:creatable="false" sap:updatable="false" sap:deletable="false"
				sap:pageable="false" sap:content-version="1"/>
				<AssociationSet Name="ToModelOperationTimesSet" Association="ZNEPTUNE_DEMO_SRV.ToModelOperationTimes" sap:creatable="false"
					sap:updatable="false" sap:deletable="false" sap:content-version="1"><End EntitySet="ModelTemplateSet" Role="FromRole_ToModelOperationTimes"/><End EntitySet="TempModlOpTimesSet" Role="ToRole_ToModelOperationTimes"/></AssociationSet>
				<AssociationSet Name="ToOperationTimesSet" Association="ZNEPTUNE_DEMO_SRV.ToOperationTimes" sap:creatable="false" sap:updatable="false"
					sap:deletable="false" sap:content-version="1"><End EntitySet="RouteListSet" Role="FromRole_ToOperationTimes"/><End EntitySet="to_operation_timesSet" Role="ToRole_ToOperationTimes"/></AssociationSet>
			</EntityContainer><atom:link xmlns:atom="http://www.w3.org/2005/Atom" rel="self" href="./sap/ZNEPTUNE_DEMO_SRV/$metadata"/><atom:link xmlns:atom="http://www.w3.org/2005/Atom" rel="latest-version" href="./sap/ZNEPTUNE_DEMO_SRV/$metadata"/></Schema>
	</edmx:DataServices>
</edmx:Edmx>